{
  "last_seconds": 346.67020156700164,
  "saved_at_unix": 1768101252.6122642
}