{
  "last_seconds": 203.17504631099655,
  "saved_at_unix": 1769414202.2677896
}