{
  "last_seconds": 228.16047259499464,
  "saved_at_unix": 1768103631.077432
}