{
  "last_seconds": 196.57494903500015,
  "saved_at_unix": 1769654539.2337828
}