{
  "last_seconds": 225.67503911700078,
  "saved_at_unix": 1768070872.789718
}