{
  "last_seconds": 286.0743778140004,
  "saved_at_unix": 1768169214.2838633
}}